Date,AME ID,Title,Format,Asset Type,Channel,Location,Transaction Type,Quantity,Sales,Est. Commissions
06-03-2025,706331,Theme From Gold Guns Girls,Piano/Vocal/Guitar (Piano Accompaniment),sheet,Sheet Music Plus,United States,Purchase,1,$5.99,$0.60
05-19-2025,1177658,"Paris, Texas",Easy Piano,sheet,Sheet Music Direct,United Kingdom,Purchase,1,$6.64,$0.66
05-14-2025,1177658,"Paris, Texas",Easy Piano,sheet,Sheet Music Direct,United States,Purchase,1,$5.99,$0.60
04-24-2025,1177658,"Paris, Texas",Easy Piano,sheet,Sheet Music Direct,United States,Purchase,1,$5.99,$0.60
04-10-2025,706331,Theme From Gold Guns Girls,Piano/Vocal/Guitar,sheet,Sheet Music Plus,United States,Purchase,1,$5.99,$0.60
04-05-2025,683603,I Don't Blame You,Piano/Vocal/Guitar,sheet,Sheet Music Direct,United States,Purchase,1,$5.99,$0.60
03-25-2025,521008,Help I'm Alive,Piano & Vocal,sheet,Sheet Music Plus,Canada,Purchase,1,$5.99,$0.60
03-20-2025,655513,It Means Beautiful,Piano/Vocal/Guitar,sheet,Sheet Music Direct,United States,Purchase,1,$5.99,$0.60
03-16-2025,827483,Piano Joint This Kind Of Love,Piano/Vocal/Guitar,sheet,Sheet Music Plus,United States,Purchase,1,$5.99,$0.60
03-13-2025,521006,The Soft Skeleton,Vocal Solo,sheet,Sheet Music Plus,United States,Purchase,1,$4.99,$0.50
03-13-2025,520999,The Soft Skeleton,Piano & Vocal,sheet,Sheet Music Plus,United States,Purchase,1,$5.99,$0.60
03-12-2025,1177658,"Paris, Texas",Easy Piano,sheet,Sheet Music Direct,United States,Purchase,1,$5.69,$0.57
03-09-2025,683603,I Don't Blame You,Piano/Vocal/Guitar,sheet,Sheet Music Direct,Lithuania,Purchase,1,$5.99,$0.60
03-09-2025,521003,Twice,Piano & Vocal,sheet,Sheet Music Plus,Australia,Purchase,1,$5.99,$0.60
03-03-2025,520999,The Soft Skeleton,Piano & Vocal,sheet,Sheet Music Plus,United States,Purchase,1,$5.99,$0.60
02-28-2025,683603,I Don't Blame You,Piano/Vocal/Guitar,sheet,Sheet Music Direct,United States,Purchase,1,$6.59,$0.66
02-27-2025,827483,Piano Joint This Kind Of Love,Piano/Vocal/Guitar,sheet,Sheet Music Plus,United States,Purchase,1,$5.99,$0.60
02-22-2025,655513,It Means Beautiful,Piano/Vocal/Guitar,sheet,Sheet Music Plus,United Kingdom,Purchase,1,$5.99,$0.60
02-07-2025,1118988,Friend Of The Night,Easy Piano,sheet,Sheet Music Direct,United States,Purchase,1,$5.99,$0.60
01-31-2025,655513,It Means Beautiful,Piano/Vocal/Guitar,sheet,Sheet Music Direct,United Kingdom,Purchase,1,$6.20,$0.62
01-03-2025,827483,Piano Joint This Kind Of Love,Piano/Vocal/Guitar,sheet,Sheet Music Direct,United Kingdom,Purchase,1,$6.18,$0.62
01-01-2025,521005,The Soft Skeleton,Piano/Vocal/Guitar,sheet,Sheet Music Plus,United States,Purchase,1,$5.99,$0.60
12-22-2024,521002,Unkle,Piano & Vocal,sheet,Sheet Music Plus,Netherlands,Purchase,1,$5.99,$0.60
12-12-2024,827483,Piano Joint This Kind Of Love,Piano/Vocal/Guitar,sheet,Sheet Music Plus,United States,Purchase,1,$5.99,$0.60
12-09-2024,521003,Twice,Piano & Vocal,sheet,Sheet Music Plus,Canada,Purchase,1,$5.99,$0.60
12-09-2024,521005,The Soft Skeleton,Piano/Vocal/Guitar,sheet,Sheet Music Plus,Canada,Purchase,1,$5.99,$0.60
11-23-2024,655513,It Means Beautiful,Piano/Vocal/Guitar,sheet,Sheet Music Direct,United Kingdom,Purchase,1,$5.00,$0.50
11-20-2024,520999,The Soft Skeleton,Piano & Vocal,sheet,Sheet Music Plus,United States,Purchase,1,$5.99,$0.60
11-17-2024,827483,Piano Joint This Kind Of Love,Piano/Vocal/Guitar,sheet,Sheet Music Direct,United States,Purchase,1,$5.99,$0.60
11-17-2024,655513,It Means Beautiful,Piano/Vocal/Guitar,sheet,Sheet Music Direct App,United Kingdom,Purchase,1,$6.43,$0.45
11-16-2024,520999,The Soft Skeleton,Piano & Vocal,sheet,Sheet Music Direct,United States,Purchase,1,$5.99,$0.60
11-12-2024,521007,Five String Serenade,Instrumental Duet (Other),sheet,Sheet Music Plus,United States,Purchase,1,$4.99,$0.50
11-03-2024,697606,Rolling Stone,Piano/Vocal/Guitar,sheet,Sheet Music Plus,Romania,Purchase,1,$5.99,$0.60
10-26-2024,683603,I Don't Blame You,Piano/Vocal/Guitar,sheet,Sheet Music Direct,United States,Purchase,1,$5.99,$0.60
10-23-2024,827483,Piano Joint This Kind Of Love,Piano/Vocal/Guitar,sheet,Sheet Music Plus,Australia,Purchase,1,$5.99,$0.60
10-20-2024,655513,It Means Beautiful,Piano/Vocal/Guitar,sheet,Sheet Music Direct,United Kingdom,Purchase,1,$6.51,$0.65
10-14-2024,683603,I Don't Blame You,Piano/Vocal/Guitar,sheet,Sheet Music Direct,United States,Purchase,1,$5.99,$0.60
10-08-2024,697606,Rolling Stone,Piano/Vocal/Guitar,sheet,Sheet Music Direct,United States,Purchase,1,$5.39,$0.54
09-20-2024,520999,The Soft Skeleton,Piano & Vocal,sheet,Sheet Music Direct,Turkey,Purchase,1,$5.99,$0.60
09-18-2024,655513,It Means Beautiful,Piano/Vocal/Guitar,sheet,Sheet Music Direct,United Kingdom,Purchase,1,$6.57,$0.66
09-09-2024,521006,The Soft Skeleton,Vocal Solo,sheet,Sheet Music Plus,United States,Purchase,1,$4.99,$0.50
09-04-2024,749218,Echoes Of Silence,Piano/Vocal/Guitar,sheet,Sheet Music Plus,United States,Purchase,1,$5.99,$0.60
08-22-2024,827483,Piano Joint This Kind Of Love,Piano/Vocal/Guitar,sheet,Sheet Music Plus,United Kingdom,Purchase,1,$5.99,$0.60
08-16-2024,521005,The Soft Skeleton,Piano/Vocal/Guitar,sheet,Sheet Music Plus,United States,Purchase,1,$5.99,$0.60
07-25-2024,521007,Five String Serenade,Instrumental Duet (Other),sheet,Sheet Music Plus,United States,Purchase,1,$4.99,$0.50
07-19-2024,655513,It Means Beautiful,Piano/Vocal/Guitar,sheet,Sheet Music Direct,United Kingdom,Purchase,1,$5.16,$0.52
07-18-2024,683603,I Don't Blame You,Piano/Vocal/Guitar,sheet,Sheet Music Direct,United Kingdom,Purchase,1,$5.19,$0.52
07-11-2024,715828,Breathing Underwater,Piano/Vocal/Guitar,sheet,Sheet Music Direct,Canada,Purchase,1,$4.99,$0.50
07-10-2024,827483,Piano Joint This Kind Of Love,Piano/Vocal/Guitar,sheet,Sheet Music Direct,United Kingdom,Purchase,1,$5.11,$0.51
07-01-2024,521007,Five String Serenade,Instrumental Duet (Other),sheet,Sheet Music Direct,United States,Purchase,1,$4.49,$0.45
06-29-2024,520999,The Soft Skeleton,Piano & Vocal,sheet,Sheet Music Plus,United States,Purchase,1,$4.99,$0.50
06-18-2024,683603,I Don't Blame You,Piano/Vocal/Guitar,sheet,Sheet Music Direct,United States,Purchase,1,$4.99,$0.50
06-11-2024,706331,Theme From Gold Guns Girls,Piano/Vocal/Guitar,sheet,Sheet Music Plus,United States,Purchase,1,$4.99,$0.50
06-07-2024,521002,Unkle,Piano & Vocal,sheet,Sheet Music Plus,United States,Purchase,1,$4.99,$0.50
05-31-2024,706331,Theme From Gold Guns Girls,Piano/Vocal/Guitar,sheet,Sheet Music Plus,United States,Purchase,1,$4.99,$0.50
05-31-2024,897533,Sick Muse,Piano/Vocal/Guitar,sheet,Sheet Music Plus,United States,Purchase,1,$4.99,$0.50
05-28-2024,749218,Echoes Of Silence,Piano/Vocal/Guitar,sheet,Sheet Music Plus,Ukraine,Purchase,1,$4.99,$0.50
05-28-2024,749218,Echoes Of Silence,Piano/Vocal/Guitar,sheet,Sheet Music Plus,Canada,Purchase,1,$4.99,$0.50
05-26-2024,683603,I Don't Blame You,Piano/Vocal/Guitar,sheet,Sheet Music Plus,Belgium,Purchase,1,$4.99,$0.50
05-17-2024,655513,It Means Beautiful,Piano/Vocal/Guitar,sheet,Sheet Music Direct,United Kingdom,Purchase,1,$5.71,$0.57
05-09-2024,521003,Twice,Piano & Vocal,sheet,Sheet Music Plus,Australia,Purchase,1,$4.99,$0.50
05-06-2024,655513,It Means Beautiful,Piano/Vocal/Guitar,sheet,Sheet Music Direct,United Kingdom,Purchase,1,$5.96,$0.60
05-01-2024,827483,Piano Joint This Kind Of Love,Piano/Vocal/Guitar,sheet,Sheet Music Direct,Australia,Purchase,1,$5.17,$0.52
04-29-2024,655513,It Means Beautiful,Piano/Vocal/Guitar,sheet,Sheet Music Direct,United Kingdom,Purchase,1,$5.96,$0.60
04-29-2024,655513,It Means Beautiful,Piano/Vocal/Guitar,sheet,Sheet Music Direct,United Kingdom,Purchase,1,$4.99,$0.50
04-24-2024,749218,Echoes Of Silence,Piano/Vocal/Guitar,sheet,Sheet Music Plus,United States,Purchase,1,$4.99,$0.50
04-22-2024,827483,Piano Joint This Kind Of Love,Piano/Vocal/Guitar,sheet,Sheet Music Direct,United States,Purchase,1,$4.99,$0.50
04-21-2024,521006,The Soft Skeleton,Vocal Solo,sheet,Sheet Music Direct,United States,Purchase,1,$4.99,$0.50
04-20-2024,683603,I Don't Blame You,Piano/Vocal/Guitar,sheet,Sheet Music Direct,France,Purchase,1,$6.13,$0.61
04-16-2024,520999,The Soft Skeleton,Piano & Vocal,sheet,Sheet Music Plus,Austria,Purchase,1,$4.99,$0.50
04-06-2024,697606,Rolling Stone,Piano/Vocal/Guitar,sheet,Sheet Music Direct,United States,Purchase,1,$4.99,$0.50
04-03-2024,683603,I Don't Blame You,Piano/Vocal/Guitar,sheet,Sheet Music Direct,Australia,Purchase,1,$5.21,$0.52
04-03-2024,683603,I Don't Blame You,Piano/Vocal/Guitar,sheet,Sheet Music Direct,United States,Purchase,1,$4.99,$0.50
03-17-2024,827483,Piano Joint This Kind Of Love,Piano/Vocal/Guitar,sheet,Sheet Music Direct,United States,Purchase,1,$4.99,$0.50
03-16-2024,521007,Five String Serenade,Instrumental Duet (Other),sheet,Sheet Music Plus,United States,Purchase,1,$4.99,$0.50
03-11-2024,655513,It Means Beautiful,Piano/Vocal/Guitar,sheet,Sheet Music Direct,United Kingdom,Purchase,1,$6.10,$0.61
03-03-2024,697606,Rolling Stone,Piano/Vocal/Guitar,sheet,Sheet Music Plus,United States,Purchase,1,$4.99,$0.50
02-25-2024,827483,Piano Joint This Kind Of Love,Piano/Vocal/Guitar,sheet,Sheet Music Plus,United States,Purchase,1,$4.99,$0.50
02-24-2024,520999,The Soft Skeleton,Piano & Vocal,sheet,Sheet Music Plus,Canada,Purchase,1,$4.99,$0.50
02-22-2024,521008,Help I'm Alive,Piano & Vocal,sheet,Sheet Music Direct,Germany,Purchase,1,$4.99,$0.50
02-16-2024,683603,I Don't Blame You,Piano/Vocal/Guitar,sheet,Sheet Music Direct,United States,Purchase,1,$4.99,$0.50
02-13-2024,683603,I Don't Blame You,Piano/Vocal/Guitar,sheet,Sheet Music Direct,United States,Purchase,1,$4.74,$0.47
02-11-2024,715828,Breathing Underwater,Piano/Vocal/Guitar,sheet,Sheet Music Direct,United States,Purchase,1,$4.99,$0.50
02-09-2024,521007,Five String Serenade,Instrumental Duet (Other),sheet,Sheet Music Plus,United States,Purchase,1,$4.99,$0.50
02-09-2024,827483,Piano Joint This Kind Of Love,Piano/Vocal/Guitar,sheet,Sheet Music Plus,Netherlands,Purchase,1,$4.99,$0.50
02-08-2024,827483,Piano Joint This Kind Of Love,Piano/Vocal/Guitar,sheet,Sheet Music Direct,United States,Purchase,1,$6.00,$0.60
02-07-2024,655513,It Means Beautiful,Piano/Vocal/Guitar,sheet,Sheet Music Direct,United States,Purchase,1,$4.99,$0.50
02-02-2024,827483,Piano Joint This Kind Of Love,Piano/Vocal/Guitar,sheet,Sheet Music Plus,Australia,Purchase,1,$4.99,$0.50
01-29-2024,683603,I Don't Blame You,Piano/Vocal/Guitar,sheet,Sheet Music Direct,United States,Purchase,1,$4.99,$0.50
01-28-2024,683603,I Don't Blame You,Piano/Vocal/Guitar,sheet,Sheet Music Direct,United Kingdom,Purchase,1,$6.04,$0.60
01-28-2024,827483,Piano Joint This Kind Of Love,Piano/Vocal/Guitar,sheet,Sheet Music Direct,United Kingdom,Purchase,1,$6.04,$0.60
01-24-2024,683603,I Don't Blame You,Piano/Vocal/Guitar,sheet,Sheet Music Direct,United States,Purchase,1,$4.99,$0.50
01-23-2024,706331,Theme From Gold Guns Girls,Piano/Vocal/Guitar,sheet,Sheet Music Direct,Finland,Purchase,1,$6.27,$0.63
01-21-2024,827483,Piano Joint This Kind Of Love,Piano/Vocal/Guitar,sheet,Sheet Music Direct,United Kingdom,Purchase,1,$6.03,$0.60
01-20-2024,646069,Rabbit In Your Headlights (instrumental),Piano/Vocal/Guitar,sheet,Sheet Music Direct,Australia,Purchase,1,$5.27,$0.53
01-13-2024,646069,Rabbit In Your Headlights (instrumental),Piano/Vocal/Guitar,sheet,Sheet Music Direct,United Kingdom,Purchase,1,$6.05,$0.61
01-09-2024,655513,It Means Beautiful,Piano/Vocal/Guitar,sheet,Sheet Music Direct,United Kingdom,Purchase,1,$6.05,$0.61
01-04-2024,761510,Twilight Galaxy,Piano/Vocal/Guitar,sheet,Sheet Music Direct,United States,Purchase,1,$4.99,$0.50
01-04-2024,521002,Unkle,Piano & Vocal,sheet,Sheet Music Plus,United States,Purchase,1,$4.99,$0.50
01-03-2024,655513,It Means Beautiful,Piano/Vocal/Guitar,sheet,Sheet Music Direct,United Kingdom,Purchase,1,$5.70,$0.57
01-03-2024,706331,Theme From Gold Guns Girls,Piano/Vocal/Guitar,sheet,Sheet Music Plus,United States,Purchase,1,$4.99,$0.50
12-30-2023,827483,Piano Joint This Kind Of Love,Piano/Vocal/Guitar,sheet,Sheet Music Direct,Germany,Purchase,1,$6.36,$0.64
12-30-2023,827483,Piano Joint This Kind Of Love,Piano/Vocal/Guitar,sheet,Sheet Music Plus,United States,Purchase,1,$4.99,$0.50
12-21-2023,715828,Breathing Underwater,Piano/Vocal/Guitar,sheet,Sheet Music Direct,United States,Purchase,1,$4.99,$0.50
12-18-2023,697606,Rolling Stone,Piano/Vocal/Guitar,sheet,Sheet Music Plus,United Kingdom,Purchase,1,$4.99,$0.50
12-15-2023,520999,The Soft Skeleton,Piano & Vocal,sheet,Sheet Music Direct,United Kingdom,Purchase,1,$4.99,$0.50
12-10-2023,521007,Five String Serenade,Instrumental Duet (Other),sheet,Sheet Music Plus,United Kingdom,Purchase,1,$4.99,$0.50
12-08-2023,521003,Twice,Piano & Vocal,sheet,Sheet Music Plus,United States,Purchase,1,$4.99,$0.50
12-07-2023,655513,It Means Beautiful,Piano/Vocal/Guitar,sheet,Sheet Music Direct,United Kingdom,Purchase,1,$5.96,$0.60
12-07-2023,655513,It Means Beautiful,Piano/Vocal/Guitar,sheet,Sheet Music Direct,United Kingdom,Purchase,1,$5.96,$0.60
12-07-2023,683603,I Don't Blame You,Piano/Vocal/Guitar,sheet,Sheet Music Plus,France,Purchase,1,$4.99,$0.50
11-26-2023,655513,It Means Beautiful,Piano/Vocal/Guitar,sheet,Sheet Music Plus,United Kingdom,Purchase,1,$4.99,$0.50
11-23-2023,520999,The Soft Skeleton,Piano & Vocal,sheet,Sheet Music Plus,United States,Purchase,1,$4.99,$0.50
11-19-2023,827483,Piano Joint This Kind Of Love,Piano/Vocal/Guitar,sheet,Sheet Music Direct,Australia,Purchase,1,$4.42,$0.44
11-13-2023,827483,Piano Joint This Kind Of Love,Piano/Vocal/Guitar,sheet,Sheet Music Direct,Italy,Purchase,1,$6.14,$0.61
11-01-2023,827483,Piano Joint This Kind Of Love,Piano/Vocal/Guitar,sheet,Sheet Music Direct,United Kingdom,Purchase,1,$5.77,$0.58
10-24-2023,520999,The Soft Skeleton,Piano & Vocal,sheet,Sheet Music Plus,United States,Purchase,1,$4.99,$0.50
10-16-2023,827483,Piano Joint This Kind Of Love,Piano/Vocal/Guitar,sheet,Sheet Music Direct,United Kingdom,Purchase,1,$5.78,$0.58
10-09-2023,827483,Piano Joint This Kind Of Love,Piano/Vocal/Guitar,sheet,Sheet Music Direct,Germany,Purchase,1,$6.07,$0.61
10-02-2023,655513,It Means Beautiful,Piano/Vocal/Guitar,sheet,Sheet Music Direct,United Kingdom,Purchase,1,$4.99,$0.50
09-28-2023,521008,Help I'm Alive,Piano & Vocal,sheet,Sheet Music Plus,United States,Purchase,1,$4.99,$0.50
09-27-2023,646071,Calculation Theme,Piano/Vocal/Guitar,sheet,Sheet Music Direct,United States,Purchase,1,$4.49,$0.45
09-27-2023,771371,London Halflife,Piano/Vocal/Guitar,sheet,Sheet Music Direct,United States,Purchase,1,$4.49,$0.45
09-26-2023,655513,It Means Beautiful,Piano/Vocal/Guitar,sheet,Sheet Music Direct,United States,Purchase,1,$4.99,$0.50
09-23-2023,520999,The Soft Skeleton,Piano & Vocal,sheet,Sheet Music Plus,United States,Purchase,1,$4.99,$0.50
09-22-2023,521008,Help I'm Alive,Piano & Vocal,sheet,Sheet Music Plus,Canada,Purchase,1,$4.99,$0.50
09-15-2023,520997,Mogwai Too Raging To Cheers,Piano & Vocal,sheet,Sheet Music Plus,France,Purchase,1,$4.99,$0.50
09-15-2023,521005,The Soft Skeleton,Piano/Vocal/Guitar,sheet,Sheet Music Plus,France,Purchase,1,$4.99,$0.50
09-15-2023,749218,Echoes Of Silence,Piano/Vocal/Guitar,sheet,Sheet Music Plus,France,Purchase,1,$4.99,$0.50
09-07-2023,827483,Piano Joint This Kind Of Love,Piano/Vocal/Guitar,sheet,Sheet Music Direct,United Kingdom,Purchase,1,$5.94,$0.59
09-06-2023,697606,Rolling Stone,Piano/Vocal/Guitar,sheet,Sheet Music Direct,United States,Purchase,1,$4.99,$0.50
09-04-2023,683603,I Don't Blame You,Piano/Vocal/Guitar,sheet,Sheet Music Direct,Australia,Purchase,1,$5.17,$0.52
08-30-2023,655513,It Means Beautiful,Piano/Vocal/Guitar,sheet,Sheet Music Direct,United Kingdom,Purchase,1,$6.00,$0.60
08-28-2023,520999,The Soft Skeleton,Piano & Vocal,sheet,Sheet Music Plus,United States,Purchase,1,$4.99,$0.50
08-28-2023,827483,Piano Joint This Kind Of Love,Piano/Vocal/Guitar,sheet,Sheet Music Plus,United Kingdom,Purchase,1,$4.99,$0.50
08-20-2023,827483,Piano Joint This Kind Of Love,Piano/Vocal/Guitar,sheet,Sheet Music Plus,Australia,Purchase,1,$4.99,$0.50
08-19-2023,827483,Piano Joint This Kind Of Love,Piano/Vocal/Guitar,sheet,Sheet Music Direct,United Kingdom,Purchase,1,$6.05,$0.61
08-15-2023,520999,The Soft Skeleton,Piano & Vocal,sheet,Sheet Music Plus,Canada,Purchase,1,$4.99,$0.50
08-15-2023,749218,Echoes Of Silence,Piano/Vocal/Guitar,sheet,Sheet Music Plus,Romania,Purchase,1,$4.99,$0.50
08-12-2023,771371,London Halflife,Piano/Vocal/Guitar,sheet,Sheet Music Direct,United Kingdom,Purchase,1,$6.03,$0.60
08-08-2023,697606,Rolling Stone,Piano/Vocal/Guitar,sheet,Sheet Music Plus,Australia,Purchase,1,$4.99,$0.50
08-05-2023,521002,Unkle,Piano & Vocal,sheet,Sheet Music Plus,Australia,Purchase,1,$4.99,$0.50
08-04-2023,521002,Unkle,Piano & Vocal,sheet,Sheet Music Plus,France,Purchase,1,$4.99,$0.50
07-30-2023,827483,Piano Joint This Kind Of Love,Piano/Vocal/Guitar,sheet,Sheet Music Direct,United Kingdom,Purchase,1,$6.10,$0.61
07-29-2023,683603,I Don't Blame You,Piano/Vocal/Guitar,sheet,Sheet Music Direct,United States,Purchase,1,$4.99,$0.50
07-29-2023,683603,I Don't Blame You,Piano/Vocal/Guitar,sheet,Sheet Music Direct,United Kingdom,Purchase,1,$6.10,$0.61
07-18-2023,827483,Piano Joint This Kind Of Love,Piano/Vocal/Guitar,sheet,Sheet Music Direct,United States,Purchase,1,$4.99,$0.50
07-10-2023,683603,I Don't Blame You,Piano/Vocal/Guitar,sheet,Sheet Music Direct,Australia,Purchase,1,$5.33,$0.53
07-08-2023,655513,It Means Beautiful,Piano/Vocal/Guitar,sheet,Sheet Music Direct,United Kingdom,Purchase,1,$6.10,$0.61
07-08-2023,715828,Breathing Underwater,Piano/Vocal/Guitar,sheet,Sheet Music Direct,United States,Purchase,1,$4.99,$0.50
07-07-2023,827483,Piano Joint This Kind Of Love,Piano/Vocal/Guitar,sheet,Sheet Music Plus,United States,Purchase,1,$4.99,$0.50
07-03-2023,521005,The Soft Skeleton,Piano/Vocal/Guitar,sheet,Sheet Music Plus,United States,Purchase,1,$4.99,$0.50
07-02-2023,655513,It Means Beautiful,Piano/Vocal/Guitar,sheet,Sheet Music Direct,United Kingdom,Purchase,1,$6.04,$0.60
06-24-2023,749218,Echoes Of Silence,Piano/Vocal/Guitar,sheet,Sheet Music Direct,United States,Purchase,1,$4.99,$0.50
06-22-2023,521005,The Soft Skeleton,Piano/Vocal/Guitar,sheet,Sheet Music Plus,United States,Purchase,1,$4.99,$0.50
06-18-2023,706331,Theme From Gold Guns Girls,Piano/Vocal/Guitar,sheet,Sheet Music Plus,United States,Purchase,1,$4.99,$0.50
06-11-2023,655513,It Means Beautiful,Piano/Vocal/Guitar,sheet,Sheet Music Direct,United Kingdom,Purchase,1,$5.97,$0.60
06-03-2023,697606,Rolling Stone,Piano/Vocal/Guitar,sheet,Sheet Music Plus,United States,Purchase,1,$4.99,$0.50
05-27-2023,521008,Help I'm Alive,Piano & Vocal,sheet,Sheet Music Direct,Canada,Purchase,1,$4.99,$0.50
05-27-2023,715828,Breathing Underwater,Piano/Vocal/Guitar,sheet,Sheet Music Direct,Canada,Purchase,1,$4.99,$0.50
05-24-2023,827483,Piano Joint This Kind Of Love,Piano/Vocal/Guitar,sheet,Sheet Music Plus,United Kingdom,Purchase,1,$4.99,$0.50
05-22-2023,520997,Mogwai Too Raging To Cheers,Piano & Vocal,sheet,Sheet Music Plus,United States,Purchase,1,$4.99,$0.50
05-18-2023,521002,Unkle,Piano & Vocal,sheet,Sheet Music Plus,United States,Purchase,1,$4.99,$0.50
05-16-2023,646071,Calculation Theme,Piano/Vocal/Guitar,sheet,Sheet Music Direct,Canada,Purchase,1,$4.99,$0.50
05-05-2023,520999,The Soft Skeleton,Piano & Vocal,sheet,Sheet Music Direct,Canada,Purchase,1,$4.99,$0.50
04-26-2023,646069,Rabbit In Your Headlights (instrumental),Piano/Vocal/Guitar,sheet,Sheet Music Direct,Australia,Purchase,1,$5.28,$0.53
04-16-2023,655513,It Means Beautiful,Piano/Vocal/Guitar,sheet,Sheet Music Direct,United Kingdom,Purchase,1,$5.90,$0.59
04-07-2023,715828,Breathing Underwater,Piano/Vocal/Guitar,sheet,Sheet Music Plus,Canada,Purchase,1,$4.99,$0.50
04-03-2023,521003,Twice,Piano & Vocal,sheet,Sheet Music Plus,United States,Purchase,1,$4.99,$0.50
03-30-2023,715828,Breathing Underwater,Piano/Vocal/Guitar,sheet,Sheet Music Plus,United States,Purchase,1,$4.99,$0.50
03-17-2023,683603,I Don't Blame You,Piano/Vocal/Guitar,sheet,Sheet Music Direct,United States,Purchase,1,$4.99,$0.50
03-15-2023,521005,The Soft Skeleton,Piano/Vocal/Guitar,sheet,Sheet Music Plus,Canada,Purchase,1,$4.99,$0.50
03-15-2023,646069,Rabbit In Your Headlights (instrumental),Piano/Vocal/Guitar,sheet,Sheet Music Plus,United States,Purchase,1,$4.99,$0.50
03-14-2023,646071,Calculation Theme,Piano/Vocal/Guitar,sheet,Sheet Music Direct,United States,Purchase,1,$4.99,$0.50
03-07-2023,655513,It Means Beautiful,Piano/Vocal/Guitar,sheet,Sheet Music Direct,United Kingdom,Purchase,1,$5.14,$0.51
02-25-2023,683603,I Don't Blame You,Piano/Vocal/Guitar,sheet,Sheet Music Plus,United States,Purchase,1,$4.99,$0.50
02-22-2023,749218,Echoes Of Silence,Piano/Vocal/Guitar,sheet,Sheet Music Plus,United States,Purchase,1,$4.99,$0.50
02-16-2023,655513,It Means Beautiful,Piano/Vocal/Guitar,sheet,Sheet Music Plus,United Kingdom,Purchase,1,$4.99,$0.50
02-08-2023,520999,The Soft Skeleton,Piano & Vocal,sheet,Sheet Music Plus,Canada,Purchase,1,$4.99,$0.50
02-01-2023,683603,I Don't Blame You,Piano/Vocal/Guitar,sheet,Sheet Music Direct,United States,Purchase,1,$4.99,$0.50
01-29-2023,520999,The Soft Skeleton,Piano & Vocal,sheet,Sheet Music Plus,United States,Purchase,1,$4.99,$0.50
01-26-2023,655513,It Means Beautiful,Piano/Vocal/Guitar,sheet,Sheet Music Direct,United Kingdom,Purchase,1,$5.89,$0.59
01-24-2023,655513,It Means Beautiful,Piano/Vocal/Guitar,sheet,Sheet Music Direct,United Kingdom,Purchase,1,$4.71,$0.47
01-23-2023,749218,Echoes Of Silence,Piano/Vocal/Guitar,sheet,Sheet Music Direct,Germany,Purchase,1,$6.27,$0.63
01-13-2023,521008,Help I'm Alive,Piano & Vocal,sheet,Sheet Music Direct,United States,Purchase,1,$3.99,$0.40
01-08-2023,521007,Five String Serenade,Instrumental Duet (Other),sheet,Sheet Music Plus,United States,Purchase,1,$4.99,$0.50
01-07-2023,655513,It Means Beautiful,Piano/Vocal/Guitar,sheet,Sheet Music Direct,United Kingdom,Purchase,1,$5.74,$0.57
01-05-2023,646069,Rabbit In Your Headlights (instrumental),Piano/Vocal/Guitar,sheet,Sheet Music Plus,United States,Purchase,1,$4.99,$0.50
12-28-2022,646071,Calculation Theme,Piano/Vocal/Guitar,sheet,Sheet Music Direct,United States,Purchase,1,$4.99,$0.50
12-06-2022,520999,The Soft Skeleton,Piano & Vocal,sheet,Sheet Music Plus,United States,Purchase,1,$4.99,$0.50
11-30-2022,683603,I Don't Blame You,Piano/Vocal/Guitar,sheet,Sheet Music Direct,United States,Purchase,1,$4.99,$0.50
11-30-2022,521003,Twice,Piano & Vocal,sheet,Sheet Music Plus,United States,Purchase,2,$9.98,$1.00
11-28-2022,521006,The Soft Skeleton,Vocal Solo,sheet,Sheet Music Plus,Canada,Purchase,1,$4.99,$0.50
11-27-2022,521002,Unkle,Piano & Vocal,sheet,Sheet Music Plus,United States,Purchase,1,$4.99,$0.50
11-21-2022,521003,Twice,Piano & Vocal,sheet,Sheet Music Plus,New Zealand,Purchase,1,$4.99,$0.50
11-18-2022,683603,I Don't Blame You,Piano/Vocal/Guitar,sheet,Sheet Music Direct,Canada,Purchase,1,$4.99,$0.50
11-18-2022,521005,The Soft Skeleton,Piano/Vocal/Guitar,sheet,Sheet Music Direct,United States,Purchase,1,$4.99,$0.50
11-16-2022,655513,It Means Beautiful,Piano/Vocal/Guitar,sheet,Sheet Music Direct,United Kingdom,Purchase,1,$4.52,$0.45
11-13-2022,655513,It Means Beautiful,Piano/Vocal/Guitar,sheet,Sheet Music Direct,United Kingdom,Purchase,1,$5.62,$0.56
11-09-2022,715828,Breathing Underwater,Piano/Vocal/Guitar,sheet,Sheet Music Direct,Canada,Purchase,1,$4.99,$0.50
11-05-2022,697606,Rolling Stone,Piano/Vocal/Guitar,sheet,Sheet Music Plus,United States,Purchase,1,$4.99,$0.50
10-31-2022,521003,Twice,Piano & Vocal,sheet,Sheet Music Plus,Germany,Purchase,1,$4.99,$0.50
10-29-2022,520999,The Soft Skeleton,Piano & Vocal,sheet,Sheet Music Plus,United Kingdom,Purchase,1,$4.99,$0.50
10-29-2022,521005,The Soft Skeleton,Piano/Vocal/Guitar,sheet,Sheet Music Plus,United Kingdom,Purchase,1,$4.99,$0.50
10-29-2022,521006,The Soft Skeleton,Vocal Solo,sheet,Sheet Music Plus,United Kingdom,Purchase,1,$4.99,$0.50
10-25-2022,521002,Unkle,Piano & Vocal,sheet,Sheet Music Plus,United States,Purchase,1,$4.99,$0.50
10-19-2022,715828,Breathing Underwater,Piano/Vocal/Guitar,sheet,Sheet Music Direct,United States,Purchase,1,$4.99,$0.50
10-10-2022,683603,I Don't Blame You,Piano/Vocal/Guitar,sheet,Sheet Music Direct,Portugal,Purchase,1,$5.59,$0.56
10-01-2022,683603,I Don't Blame You,Piano/Vocal/Guitar,sheet,Sheet Music Direct,Australia,Purchase,1,$5.12,$0.51
09-30-2022,655513,It Means Beautiful,Piano/Vocal/Guitar,sheet,Sheet Music Direct,United Kingdom,Purchase,1,$5.31,$0.53
09-29-2022,646071,Calculation Theme,Piano/Vocal/Guitar,sheet,Sheet Music Direct,United States,Purchase,1,$4.99,$0.50
09-20-2022,683603,I Don't Blame You,Piano/Vocal/Guitar,sheet,Sheet Music Direct,United States,Purchase,1,$4.99,$0.50
09-07-2022,655513,It Means Beautiful,Piano/Vocal/Guitar,sheet,Sheet Music Direct,United Kingdom,Purchase,1,$5.47,$0.55
09-04-2022,683603,I Don't Blame You,Piano/Vocal/Guitar,sheet,Sheet Music Direct,Australia,Purchase,1,$5.44,$0.54
09-03-2022,520999,The Soft Skeleton,Piano & Vocal,sheet,Sheet Music Direct,United States,Purchase,1,$4.99,$0.50
08-25-2022,521006,The Soft Skeleton,Vocal Solo,sheet,Sheet Music Plus,United States,Purchase,1,$4.99,$0.50
08-15-2022,520999,The Soft Skeleton,Piano & Vocal,sheet,Sheet Music Plus,United States,Purchase,1,$4.99,$0.50
08-15-2022,521006,The Soft Skeleton,Vocal Solo,sheet,Sheet Music Plus,United States,Purchase,1,$4.99,$0.50
08-07-2022,683603,I Don't Blame You,Piano/Vocal/Guitar,sheet,Sheet Music Direct,Norway,Purchase,1,$4.99,$0.50
07-28-2022,521008,Help I'm Alive,Piano & Vocal,sheet,Sheet Music Direct,United States,Purchase,1,$4.99,$0.50
07-27-2022,646071,Calculation Theme,Piano/Vocal/Guitar,sheet,Sheet Music Direct,United States,Purchase,1,$4.99,$0.50
07-21-2022,683603,I Don't Blame You,Piano/Vocal/Guitar,sheet,Sheet Music Direct,United States,Purchase,1,$4.99,$0.50
07-19-2022,521006,The Soft Skeleton,Vocal Solo,sheet,Sheet Music Plus,United States,Purchase,1,$4.99,$0.50
07-18-2022,520999,The Soft Skeleton,Piano & Vocal,sheet,Sheet Music Plus,United States,Purchase,1,$4.99,$0.50
07-15-2022,521008,Help I'm Alive,Piano & Vocal,sheet,Sheet Music Plus,United States,Purchase,1,$4.99,$0.50
07-09-2022,521006,The Soft Skeleton,Vocal Solo,sheet,Sheet Music Plus,Denmark,Purchase,1,$4.99,$0.50
07-05-2022,521008,Help I'm Alive,Piano & Vocal,sheet,Sheet Music Plus,United States,Purchase,1,$4.99,$0.50
06-21-2022,521008,Help I'm Alive,Piano & Vocal,sheet,Sheet Music Direct,United States,Purchase,1,$4.24,$0.42
06-21-2022,521008,Help I'm Alive,Piano & Vocal,sheet,Sheet Music Direct,Canada,Purchase,1,$4.99,$0.50
06-18-2022,520999,The Soft Skeleton,Piano & Vocal,sheet,Sheet Music Plus,United States,Purchase,1,$4.99,$0.50
06-09-2022,521007,Five String Serenade,Instrumental Duet (Other),sheet,Sheet Music Plus,France,Purchase,1,$4.99,$0.50
05-14-2022,521008,Help I'm Alive,Piano & Vocal,sheet,Sheet Music Direct,United States,Purchase,1,$4.99,$0.50
04-29-2022,521008,Help I'm Alive,Piano & Vocal,sheet,Sheet Music Plus,France,Purchase,1,$4.99,$0.50
03-31-2025,697606,Rolling Stone,Piano/Vocal/Guitar,sheet,MuseScore,N/A,View,2,$0.00,$0.07
03-31-2025,982187,Ghosts II 13,Easy Piano,sheet,MuseScore,N/A,View,6,$0.00,$0.15
03-31-2025,897533,Sick Muse,Piano/Vocal/Guitar,sheet,MuseScore,N/A,View,1,$0.00,$0.02
03-31-2025,827483,Piano Joint This Kind Of Love,Piano/Vocal/Guitar,sheet,MuseScore,N/A,View,6,$0.00,$0.17
03-31-2025,799066,Dark Saturday,Piano/Vocal/Guitar,sheet,MuseScore,N/A,View,1,$0.00,$0.02
03-31-2025,771371,London Halflife,Piano/Vocal/Guitar,sheet,MuseScore,N/A,View,4,$0.00,$0.13
03-31-2025,761510,Twilight Galaxy,Piano/Vocal/Guitar,sheet,MuseScore,N/A,View,6,$0.00,$0.19
03-31-2025,715828,Breathing Underwater,Piano/Vocal/Guitar,sheet,MuseScore,N/A,View,5,$0.00,$0.12
03-31-2025,706331,Theme From Gold Guns Girls,Piano/Vocal/Guitar,sheet,MuseScore,N/A,View,2,$0.00,$0.07
03-31-2025,1177658,"Paris, Texas",Easy Piano,sheet,Sheet Music Direct,N/A,View,11,$0.00,$0.57
03-31-2025,683603,I Don't Blame You,Piano/Vocal/Guitar,sheet,MuseScore,N/A,View,1,$0.00,$0.03
03-31-2025,646069,Rabbit In Your Headlights (instrumental),Piano/Vocal/Guitar,sheet,MuseScore,N/A,View,7,$0.00,$0.14
03-31-2025,646071,Calculation Theme,Piano/Vocal/Guitar,sheet,MuseScore,N/A,View,3,$0.00,$0.10
03-31-2025,521008,Help I'm Alive,Piano & Vocal,sheet,MuseScore,N/A,View,3,$0.00,$0.09
03-31-2025,521005,The Soft Skeleton,Piano/Vocal/Guitar,sheet,MuseScore,N/A,View,1,$0.00,$0.03
03-31-2025,521006,The Soft Skeleton,Vocal Solo,sheet,MuseScore,N/A,View,1,$0.00,$0.02
03-31-2025,521004,Leaving A Voicemail,Easy Piano,sheet,MuseScore,N/A,View,5,$0.00,$0.13
03-31-2025,1131653,Intro,Easy Piano,sheet,MuseScore,N/A,View,7,$0.00,$0.16
03-31-2025,1140815,Alone In Kyoto,Piano Solo,sheet,Sheet Music Direct,N/A,View,22,$0.00,$0.57
03-31-2025,1131653,Intro,Easy Piano,sheet,Sheet Music Direct,N/A,View,4,$0.00,$0.11
03-31-2025,982187,Ghosts II 13,Easy Piano,sheet,Sheet Music Direct,N/A,View,1,$0.00,$0.06
03-31-2025,975844,Ghosts I 1,Piano/Vocal/Guitar,sheet,Sheet Music Direct,N/A,View,5,$0.00,$0.23
03-31-2025,715828,Breathing Underwater,Piano/Vocal/Guitar,sheet,Sheet Music Direct,N/A,View,3,$0.00,$0.17
03-31-2025,683603,I Don't Blame You,Piano/Vocal/Guitar,sheet,Sheet Music Direct,N/A,View,9,$0.00,$0.11
03-31-2025,655513,It Means Beautiful,Piano/Vocal/Guitar,sheet,Sheet Music Direct,N/A,View,23,$0.00,$0.96
03-31-2025,520997,Mogwai Too Raging To Cheers,Piano & Vocal,sheet,Sheet Music Direct,N/A,View,1,$0.00,$0.06
03-31-2025,1177658,"Paris, Texas",Easy Piano,sheet,MuseScore,N/A,View,3,$0.00,$0.10
03-31-2025,1175089,Piano Joint This Kind Of Love,Instrumental Solo (with Piano Accompaniment),sheet,MuseScore,N/A,View,4,$0.00,$0.07
03-31-2025,1140815,Alone In Kyoto,Piano Solo,sheet,MuseScore,N/A,View,9,$0.00,$0.21
03-31-2025,1136775,"I'm Jim Morrison, I'm Dead",Piano Solo,sheet,MuseScore,N/A,View,2,$0.00,$0.04
03-31-2025,1118988,Friend Of The Night,Easy Piano,sheet,MuseScore,N/A,View,18,$0.00,$0.45
03-31-2025,646069,Rabbit In Your Headlights (instrumental),Piano/Vocal/Guitar,sheet,Sheet Music Direct,N/A,View,3,$0.00,$0.17
12-31-2024,683603,I Don't Blame You,Piano/Vocal/Guitar,sheet,MuseScore,N/A,View,4,$0.00,$0.16
12-31-2024,697606,Rolling Stone,Piano/Vocal/Guitar,sheet,MuseScore,N/A,View,1,$0.00,$0.02
12-31-2024,706331,Theme From Gold Guns Girls,Piano/Vocal/Guitar,sheet,MuseScore,N/A,View,5,$0.00,$0.16
12-31-2024,715828,Breathing Underwater,Piano/Vocal/Guitar,sheet,MuseScore,N/A,View,4,$0.00,$0.16
12-31-2024,749218,Echoes Of Silence,Piano/Vocal/Guitar,sheet,MuseScore,N/A,View,3,$0.00,$0.09
12-31-2024,771371,London Halflife,Piano/Vocal/Guitar,sheet,MuseScore,N/A,View,3,$0.00,$0.09
12-31-2024,827483,Piano Joint This Kind Of Love,Piano/Vocal/Guitar,sheet,MuseScore,N/A,View,8,$0.00,$0.24
12-31-2024,982187,Ghosts II 13,Easy Piano,sheet,MuseScore,N/A,View,9,$0.00,$0.31
12-31-2024,1118988,Friend Of The Night,Easy Piano,sheet,MuseScore,N/A,View,6,$0.00,$0.21
12-31-2024,1131653,Intro,Easy Piano,sheet,MuseScore,N/A,View,1,$0.00,$0.03
12-31-2024,646069,Rabbit In Your Headlights (instrumental),Piano/Vocal/Guitar,sheet,MuseScore,N/A,View,12,$0.00,$0.30
12-31-2024,521007,Five String Serenade,Instrumental Duet (Other),sheet,MuseScore,N/A,View,5,$0.00,$0.16
12-31-2024,521004,Leaving A Voicemail,Easy Piano,sheet,Sheet Music Direct,N/A,View,1,$0.00,$0.06
12-31-2024,521008,Help I'm Alive,Piano & Vocal,sheet,Sheet Music Direct,N/A,View,3,$0.00,$0.06
12-31-2024,646069,Rabbit In Your Headlights (instrumental),Piano/Vocal/Guitar,sheet,Sheet Music Direct,N/A,View,3,$0.00,$0.11
12-31-2024,655513,It Means Beautiful,Piano/Vocal/Guitar,sheet,Sheet Music Direct,N/A,View,27,$0.00,$1.07
12-31-2024,683603,I Don't Blame You,Piano/Vocal/Guitar,sheet,Sheet Music Direct,N/A,View,2,$0.00,$0.06
12-31-2024,715828,Breathing Underwater,Piano/Vocal/Guitar,sheet,Sheet Music Direct,N/A,View,1,$0.00,$0.06
12-31-2024,1118988,Friend Of The Night,Easy Piano,sheet,Sheet Music Direct,N/A,View,1,$0.00,$0.06
12-31-2024,520997,Mogwai Too Raging To Cheers,Piano & Vocal,sheet,MuseScore,N/A,View,1,$0.00,$0.03
12-31-2024,520999,The Soft Skeleton,Piano & Vocal,sheet,MuseScore,N/A,View,2,$0.00,$0.05
12-31-2024,521004,Leaving A Voicemail,Easy Piano,sheet,MuseScore,N/A,View,1,$0.00,$0.01
12-31-2024,521006,The Soft Skeleton,Vocal Solo,sheet,MuseScore,N/A,View,1,$0.00,$0.05
12-31-2024,521005,The Soft Skeleton,Piano/Vocal/Guitar,sheet,MuseScore,N/A,View,1,$0.00,$0.05
12-31-2024,521008,Help I'm Alive,Piano & Vocal,sheet,MuseScore,N/A,View,3,$0.00,$0.10
09-30-2024,697606,Rolling Stone,Piano/Vocal/Guitar,sheet,MuseScore,N/A,View,1,$0.00,$0.02
09-30-2024,521007,Five String Serenade,Instrumental Duet (Other),sheet,Sheet Music Direct,N/A,View,2,$0.00,$0.06
09-30-2024,521008,Help I'm Alive,Piano & Vocal,sheet,Sheet Music Direct,N/A,View,1,$0.00,$0.06
09-30-2024,655513,It Means Beautiful,Piano/Vocal/Guitar,sheet,Sheet Music Direct,N/A,View,14,$0.00,$0.75
09-30-2024,715828,Breathing Underwater,Piano/Vocal/Guitar,sheet,Sheet Music Direct,N/A,View,1,$0.00,$0.06
09-30-2024,827483,Piano Joint This Kind Of Love,Piano/Vocal/Guitar,sheet,Sheet Music Direct,N/A,View,9,$0.00,$0.40
09-30-2024,975844,Ghosts I 1,Piano/Vocal/Guitar,sheet,Sheet Music Direct,N/A,View,1,$0.00,$0.06
09-30-2024,982187,Ghosts II 13,Easy Piano,sheet,Sheet Music Direct,N/A,View,1,$0.00,$0.06
09-30-2024,521002,Unkle,Piano & Vocal,sheet,MuseScore,N/A,View,2,$0.00,$0.09
09-30-2024,521004,Leaving A Voicemail,Easy Piano,sheet,MuseScore,N/A,View,1,$0.00,$0.04
09-30-2024,646071,Calculation Theme,Piano/Vocal/Guitar,sheet,MuseScore,N/A,View,1,$0.00,$0.03
09-30-2024,982187,Ghosts II 13,Easy Piano,sheet,MuseScore,N/A,View,3,$0.00,$0.13
09-30-2024,827483,Piano Joint This Kind Of Love,Piano/Vocal/Guitar,sheet,MuseScore,N/A,View,24,$0.00,$0.69
09-30-2024,799066,Dark Saturday,Piano/Vocal/Guitar,sheet,MuseScore,N/A,View,1,$0.00,$0.03
09-30-2024,761510,Twilight Galaxy,Piano/Vocal/Guitar,sheet,MuseScore,N/A,View,1,$0.00,$0.04
09-30-2024,749218,Echoes Of Silence,Piano/Vocal/Guitar,sheet,MuseScore,N/A,View,4,$0.00,$0.17
09-30-2024,715828,Breathing Underwater,Piano/Vocal/Guitar,sheet,MuseScore,N/A,View,1,$0.00,$0.04
09-30-2024,646069,Rabbit In Your Headlights (instrumental),Piano/Vocal/Guitar,sheet,MuseScore,N/A,View,6,$0.00,$0.12
09-30-2024,521008,Help I'm Alive,Piano & Vocal,sheet,MuseScore,N/A,View,2,$0.00,$0.09
06-30-2024,655513,It Means Beautiful,Piano/Vocal/Guitar,sheet,Sheet Music Direct,N/A,View,14,$0.00,$0.79
06-30-2024,771371,London Halflife,Piano/Vocal/Guitar,sheet,MuseScore,N/A,View,1,$0.00,$0.05
06-30-2024,697606,Rolling Stone,Piano/Vocal/Guitar,sheet,MuseScore,N/A,View,1,$0.00,$0.03
06-30-2024,646069,Rabbit In Your Headlights (instrumental),Piano/Vocal/Guitar,sheet,MuseScore,N/A,View,3,$0.00,$0.12
06-30-2024,521008,Help I'm Alive,Piano & Vocal,sheet,MuseScore,N/A,View,1,$0.00,$0.05
06-30-2024,520997,Mogwai Too Raging To Cheers,Piano & Vocal,sheet,MuseScore,N/A,View,1,$0.00,$0.03
06-30-2024,982187,Ghosts II 13,Easy Piano,sheet,Sheet Music Direct,N/A,View,1,$0.00,$0.07
06-30-2024,975844,Ghosts I 1,Piano/Vocal/Guitar,sheet,Sheet Music Direct,N/A,View,2,$0.00,$0.07
06-30-2024,715828,Breathing Underwater,Piano/Vocal/Guitar,sheet,Sheet Music Direct,N/A,View,1,$0.00,$0.07
06-30-2024,683603,I Don't Blame You,Piano/Vocal/Guitar,sheet,Sheet Music Direct,N/A,View,7,$0.00,$0.46
